framework,app,scenario,phase,cacheProfile,isWarmup,runIndex,status,elapsedMs,readyMs,outputBytes,exitCode,timedOut
remix,remix-starter,starter,build,cold,false,1,ok,1204.2059169999998,,366764,0,false
manic,manic-starter,starter,build,cold,false,1,ok,472.52104099999997,,380733,0,false
tanstack,tanstack-starter,starter,build,cold,false,1,ok,1617.0667090000006,,1291729,0,false
manic,manic-starter,starter,dev-spinup,cold,false,1,ok,1362.033875,139.37966599999982,,,false
remix,remix-starter,starter,dev-spinup,cold,false,1,ok,2142.905917,885.3718330000002,,,false
manic,manic-starter,starter,build,cold,false,2,ok,339.89266599999974,,380733,0,false
remix,remix-starter,starter,build,cold,false,2,ok,652.8803750000006,,366764,0,false
tanstack,tanstack-starter,starter,dev-spinup,cold,false,1,ok,1677.1402080000007,437.23525000000063,,,false
astro,astro-starter,starter,build,cold,false,1,ok,1215.2270000000008,,16788,0,false
manic,manic-starter,starter,dev-spinup,cold,false,2,ok,1307.2574999999997,103.79620800000066,,0,false
manic,manic-starter,starter,build,cold,false,3,ok,426.47191700000076,,380733,0,false
tanstack,tanstack-starter,starter,build,cold,false,2,ok,1188.5544999999993,,1291729,0,false
remix,remix-starter,starter,dev-spinup,cold,false,2,ok,1716.6482499999993,500.11825000000044,,,false
manic,manic-starter,starter,dev-spinup,cold,false,3,ok,1358.7102910000012,147.2400830000006,,,false
remix,remix-starter,starter,build,cold,false,3,ok,1263.7693749999999,,366764,0,false
manic,manic-starter,starter,build,cold,false,4,ok,397.4248340000013,,380733,0,false
tanstack,tanstack-starter,starter,dev-spinup,cold,false,2,ok,1810.2697500000013,518.7446250000012,,,false
astro,astro-starter,starter,dev-spinup,cold,false,1,ok,2718.3952089999993,1483.702542,,143,false
manic,manic-starter,starter,dev-spinup,cold,false,4,ok,1413.4860410000001,186.74479099999917,,,false
tanstack,tanstack-starter,starter,build,cold,false,3,ok,1359.9290840000012,,1291729,0,false
manic,manic-starter,starter,build,cold,false,5,ok,357.51916600000004,,380733,0,false
remix,remix-starter,starter,dev-spinup,cold,false,3,ok,1935.1400000000012,721.8489170000012,,,false
astro,astro-starter,starter,build,cold,false,2,ok,1612.5417079999988,,16788,0,false
next,next-starter,starter,build,cold,false,1,ok,4844.287833,,5807285,0,false
nuxt,nuxt-starter,starter,build,cold,false,1,ok,5154.2110410000005,,2641573,0,false
remix,remix-starter,starter,build,cold,false,4,ok,965.9352500000005,,366764,0,false
manic,manic-starter,starter,dev-spinup,cold,false,5,ok,1356.662875,145.9364170000008,,,false
tanstack,tanstack-starter,starter,dev-spinup,cold,false,3,ok,1839.3696660000005,599.1707079999996,,,false
manic,manic-starter,starter,build,cold,false,6,ok,397.5297499999997,,380733,0,false
next,next-starter,starter,dev-spinup,cold,false,1,ok,1624.5311660000007,401.0706250000003,,,false
nuxt,nuxt-starter,starter,dev-spinup,cold,false,1,ok,1699.8858330000003,421.4316659999986,,0,false
remix,remix-starter,starter,dev-spinup,cold,false,4,ok,1721.416459,498.29512499999873,,,false
tanstack,tanstack-starter,starter,build,cold,false,4,ok,1169.8739580000001,,1291729,0,false
astro,astro-starter,starter,dev-spinup,cold,false,2,ok,2599.7902080000003,1346.5164170000007,,,false
manic,manic-starter,starter,dev-spinup,cold,false,6,ok,1309.4391670000005,93.2552080000005,,,false
manic,manic-starter,starter,build,cold,false,7,ok,328.8749590000007,,380733,0,false
remix,remix-starter,starter,build,cold,false,5,ok,1183.3173330000009,,366764,0,false
tanstack,tanstack-starter,starter,dev-spinup,cold,false,4,ok,1941.3364579999998,643.8171659999989,,,false
manic,manic-starter,starter,dev-spinup,cold,false,7,ok,1362.4857090000023,144.7332920000008,,,false
astro,astro-starter,starter,build,cold,false,3,ok,1988.8151670000007,,16788,0,false
manic,manic-starter,starter,build,cold,false,8,ok,579.5929159999978,,380733,0,false
remix,remix-starter,starter,dev-spinup,cold,false,5,ok,2304.0344999999998,1071.584041,,,false
tanstack,tanstack-starter,starter,build,cold,false,5,ok,1701.5959169999987,,1291729,0,false
manic,manic-starter,starter,dev-spinup,cold,false,8,ok,1462.992624999999,207.17749999999796,,,false
next,next-starter,starter,build,cold,false,2,ok,5072.401458,,5807286,0,false
remix,remix-starter,starter,build,cold,false,6,ok,1040.7790830000013,,366764,0,false
manic,manic-starter,starter,build,cold,false,9,ok,528.9387499999975,,380733,0,false
astro,astro-starter,starter,dev-spinup,cold,false,3,ok,3519.463582999997,2275.804082999999,,143,false
tanstack,tanstack-starter,starter,dev-spinup,cold,false,5,ok,1909.2182919999977,653.9695839999986,,,false
nuxt,nuxt-starter,starter,build,cold,false,2,ok,5690.853416,,2641573,0,false
manic,manic-starter,starter,dev-spinup,cold,false,9,ok,1360.7538750000022,129.2120840000025,,,false
next,next-starter,starter,dev-spinup,cold,false,2,ok,1690.5760840000003,460.08612500000163,,,false
manic,manic-starter,starter,build,cold,false,10,ok,352.0575830000016,,380733,0,false
remix,remix-starter,starter,dev-spinup,cold,false,6,ok,2045.737792,774.4724999999999,,,false
tanstack,tanstack-starter,starter,build,cold,false,6,ok,1191.6553329999988,,1291729,0,false
nuxt,nuxt-starter,starter,dev-spinup,cold,false,2,ok,1645.7580830000006,405.2342080000017,,,false
astro,astro-starter,starter,build,cold,false,4,ok,1702.9583329999987,,16788,0,false
remix,remix-starter,starter,build,cold,false,7,ok,1072.292042000001,,366764,0,false
manic,manic-starter,starter,dev-spinup,cold,false,10,ok,1357.0564999999988,148.45824999999968,,,false
manic,manic-starter,starter,build,cold,false,11,ok,368.90491699999984,,380733,0,false
tanstack,tanstack-starter,starter,dev-spinup,cold,false,6,ok,2028.2947910000003,766.9385000000002,,,false
manic,manic-starter,starter,dev-spinup,cold,false,11,ok,1358.7952080000032,145.84600000000137,,,false
remix,remix-starter,starter,dev-spinup,cold,false,7,ok,2298.422917,1062.4193750000013,,,false
manic,manic-starter,starter,build,cold,false,12,ok,540.107,,380733,0,false
tanstack,tanstack-starter,starter,build,cold,false,7,ok,1482.1701670000002,,1291729,0,false
astro,astro-starter,starter,dev-spinup,cold,false,4,ok,3179.7817079999986,1929.6597079999992,,143,false
remix,remix-starter,starter,build,cold,false,8,ok,1146.1347499999974,,366764,0,false
next,next-starter,starter,build,cold,false,3,ok,5126.823042,,5807288,0,false
manic,manic-starter,starter,dev-spinup,cold,false,12,ok,1463.6500000000015,222.78362500000003,,,false
manic,manic-starter,starter,build,cold,false,13,ok,434.88479200000074,,380733,0,false
astro,astro-starter,starter,build,cold,false,5,ok,1473.2423750000016,,16788,0,false
tanstack,tanstack-starter,starter,dev-spinup,cold,false,7,ok,1949.2802919999995,697.1019589999996,,,false
nuxt,nuxt-starter,starter,build,cold,false,3,ok,5315.2535830000015,,2641573,0,false
next,next-starter,starter,dev-spinup,cold,false,3,ok,1685.2834999999977,424.5767080000005,,,false
remix,remix-starter,starter,dev-spinup,cold,false,8,ok,1996.9903330000016,743.668791,,,false
tanstack,tanstack-starter,starter,build,cold,false,8,ok,909.0895420000015,,1291729,0,false
manic,manic-starter,starter,dev-spinup,cold,false,13,ok,1356.7037919999966,126.57829199999833,,,false
manic,manic-starter,starter,build,cold,false,14,ok,297.0154169999987,,380733,0,false
remix,remix-starter,starter,build,cold,false,9,ok,1118.7255829999995,,366764,0,false
astro,astro-starter,starter,dev-spinup,cold,false,5,ok,2286.756125,1047.6990000000005,,143,false
nuxt,nuxt-starter,starter,dev-spinup,cold,false,3,ok,1635.4329580000012,381.364375000001,,,false
manic,manic-starter,starter,dev-spinup,cold,false,14,ok,1354.9844169999997,147.06837499999892,,,false
tanstack,tanstack-starter,starter,dev-spinup,cold,false,8,ok,1947.4735419999997,675.5350419999995,,,false
manic,manic-starter,starter,build,cold,false,15,ok,330.51450000000114,,380733,0,false
astro,astro-starter,starter,build,cold,false,6,ok,1319.839,,16788,0,false
remix,remix-starter,starter,dev-spinup,cold,false,9,ok,1724.1430839999994,498.5372499999976,,,false
tanstack,tanstack-starter,starter,build,cold,false,9,ok,1359.6522499999992,,1291729,0,false
manic,manic-starter,starter,dev-spinup,cold,false,15,ok,1357.877916999998,150.9885839999988,,,false
manic,manic-starter,starter,build,cold,false,16,ok,422.76966699999684,,380733,0,false
remix,remix-starter,starter,build,cold,false,10,ok,1154.1834589999999,,366764,0,false
manic,manic-starter,starter,dev-spinup,cold,false,16,ok,1359.546624999999,136.07687499999884,,,false
next,next-starter,starter,build,cold,false,4,ok,5414.241875,,5807287,0,false
tanstack,tanstack-starter,starter,dev-spinup,cold,false,9,ok,2092.107749999999,824.0463339999988,,,false
nuxt,nuxt-starter,starter,build,cold,false,4,ok,4361.749916999997,,2641573,0,false
manic,manic-starter,starter,build,cold,false,17,ok,248.89341600000625,,380733,0,false
remix,remix-starter,starter,dev-spinup,cold,false,10,ok,1974.5662080000002,764.0692079999972,,,false
astro,astro-starter,starter,dev-spinup,cold,false,6,ok,3574.4807089999995,2346.1152089999996,,143,false
tanstack,tanstack-starter,starter,build,cold,false,10,ok,882.9734170000011,,1291729,0,false
remix,remix-starter,starter,build,cold,false,11,ok,852.0533749999959,,366764,0,false
manic,manic-starter,starter,dev-spinup,cold,false,17,ok,1370.132375000001,107.35879199999908,,,false
next,next-starter,starter,dev-spinup,cold,false,4,ok,1599.1825000000026,321.3386249999967,,,false
nuxt,nuxt-starter,starter,dev-spinup,cold,false,4,ok,1613.2762500000026,309.8223330000037,,0,false
manic,manic-starter,starter,build,cold,false,18,ok,511.34066700000403,,380733,0,false
astro,astro-starter,starter,build,cold,false,7,ok,1465.3149170000033,,16788,0,false
tanstack,tanstack-starter,starter,dev-spinup,cold,false,10,ok,2044.8706250000032,815.1200420000023,,,false
manic,manic-starter,starter,dev-spinup,cold,false,18,ok,1363.2955409999995,147.8190409999952,,,false
remix,remix-starter,starter,dev-spinup,cold,false,11,ok,2142.197957999997,881.6730830000015,,,false
manic,manic-starter,starter,build,cold,false,19,ok,442.96541600000637,,380733,0,false
tanstack,tanstack-starter,starter,build,cold,false,11,ok,1001.6665409999987,,1291729,0,false
remix,remix-starter,starter,build,cold,false,12,ok,739.2413750000051,,366764,0,false
astro,astro-starter,starter,dev-spinup,cold,false,7,ok,2454.3822500000024,1221.1113330000007,,143,false
manic,manic-starter,starter,dev-spinup,cold,false,19,ok,1356.742750000005,137.25020800000493,,,false
manic,manic-starter,starter,build,cold,false,20,ok,377.6008339999971,,380733,0,false
tanstack,tanstack-starter,starter,dev-spinup,cold,false,11,ok,1842.1942920000001,590.893541999998,,,false
nuxt,nuxt-starter,starter,build,cold,false,5,ok,4594.815708000002,,2641573,0,false
astro,astro-starter,starter,build,cold,false,8,ok,1783.8966250000012,,16788,0,false
remix,remix-starter,starter,dev-spinup,cold,false,12,ok,2039.0775839999988,801.8458749999991,,,false
manic,manic-starter,starter,dev-spinup,cold,false,20,ok,1361.3621249999997,140.19479100000171,,,false
tanstack,tanstack-starter,starter,build,cold,false,12,ok,1324.3788750000022,,1291729,0,false
remix,remix-starter,starter,build,cold,false,13,ok,977.5409579999978,,366764,0,false
next,next-starter,starter,build,cold,false,5,ok,5798.639792000002,,5807287,0,false
nuxt,nuxt-starter,starter,dev-spinup,cold,false,5,ok,1701.9610410000023,414.65879100000166,,0,false
manic,manic-starter,starter,build,warm,false,1,ok,203.75374999999622,,380733,0,false
next,next-starter,starter,dev-spinup,cold,false,5,ok,1570.551625,349.5585839999985,,,false
tanstack,tanstack-starter,starter,dev-spinup,cold,false,12,ok,1985.5167920000022,769.0167080000028,,,false
remix,remix-starter,starter,dev-spinup,cold,false,13,ok,1886.6275419999947,645.5848749999932,,,false
astro,astro-starter,starter,dev-spinup,cold,false,8,ok,2994.1059999999998,1717.822791999999,,143,false
manic,manic-starter,starter,dev-spinup,warm,false,1,ok,1306.9113750000033,92.2996670000066,,,false
remix,remix-starter,starter,build,cold,false,14,ok,943.3196249999964,,366764,0,false
tanstack,tanstack-starter,starter,build,cold,false,13,ok,1318.377542000002,,1291729,0,false
manic,manic-starter,starter,build,warm,false,2,ok,346.50195800000074,,380733,0,false
astro,astro-starter,starter,build,cold,false,9,ok,1882.570249999997,,16788,0,false
manic,manic-starter,starter,dev-spinup,warm,false,2,ok,1411.3970419999969,198.03683399999863,,,false
remix,remix-starter,starter,dev-spinup,cold,false,14,ok,2059.699999999997,840.4518749999988,,,false
manic,manic-starter,starter,build,warm,false,3,ok,503.914165999995,,380733,0,false
tanstack,tanstack-starter,starter,dev-spinup,cold,false,13,ok,2224.8905410000007,939.4722499999989,,,false
nuxt,nuxt-starter,starter,build,cold,false,6,ok,4703.816584,,2641573,0,false
remix,remix-starter,starter,build,cold,false,15,ok,1109.5531249999985,,366764,0,false
next,next-starter,starter,build,cold,false,6,ok,4828.900291999998,,5807286,0,false
manic,manic-starter,starter,dev-spinup,warm,false,3,ok,1424.5297080000018,181.34900000000198,,0,false
tanstack,tanstack-starter,starter,build,cold,false,14,ok,1234.8600000000006,,1291729,0,false
manic,manic-starter,starter,build,warm,false,4,ok,291.5729169999977,,380733,0,false
nuxt,nuxt-starter,starter,dev-spinup,cold,false,6,ok,1730.3672089999964,464.5711250000022,,0,false
astro,astro-starter,starter,dev-spinup,cold,false,9,ok,3403.4312500000015,2184.075334000001,,143,false
remix,remix-starter,starter,dev-spinup,cold,false,15,ok,1872.7198329999956,621.943124999998,,,false
next,next-starter,starter,dev-spinup,cold,false,6,ok,1574.1915829999998,348.28024999999616,,,false
manic,manic-starter,starter,dev-spinup,warm,false,4,ok,1358.2596249999988,109.0225419999988,,,false
tanstack,tanstack-starter,starter,dev-spinup,cold,false,14,ok,1840.883375000005,576.734000000004,,,false
manic,manic-starter,starter,build,warm,false,5,ok,482.8657080000048,,380733,0,false
astro,astro-starter,starter,build,cold,false,10,ok,2074.8846669999984,,16788,0,false
remix,remix-starter,starter,build,cold,false,16,ok,1843.1519999999946,,366764,0,false
manic,manic-starter,starter,dev-spinup,warm,false,5,ok,1569.344624999998,360.0867919999946,,,false
tanstack,tanstack-starter,starter,build,cold,false,15,ok,2130.0721670000057,,1291729,0,false
manic,manic-starter,starter,build,warm,false,6,ok,411.57737500000076,,380733,0,false
remix,remix-starter,starter,dev-spinup,cold,false,16,ok,2038.6809169999979,771.5447500000009,,,false
manic,manic-starter,starter,dev-spinup,warm,false,6,ok,1361.3393329999963,123.9248329999973,,,false
astro,astro-starter,starter,dev-spinup,cold,false,10,ok,2977.164665999997,1702.0373749999999,,143,false
manic,manic-starter,starter,build,warm,false,7,ok,449.43483299999934,,380733,0,false
nuxt,nuxt-starter,starter,build,cold,false,7,ok,5440.920124999997,,2641573,0,false
tanstack,tanstack-starter,starter,dev-spinup,cold,false,15,ok,2049.361417,772.9702089999992,,,false
remix,remix-starter,starter,build,cold,false,17,ok,1200.531750000002,,366764,0,false
manic,manic-starter,starter,dev-spinup,warm,false,7,ok,1414.055042,193.14400000000023,,,false
tanstack,tanstack-starter,starter,build,cold,false,16,ok,1383.791833000003,,1291729,0,false
astro,astro-starter,starter,build,cold,false,11,ok,1729.9255420000045,,16788,0,false
manic,manic-starter,starter,build,warm,false,8,ok,296.16912500000035,,380733,0,false
next,next-starter,starter,build,cold,false,7,ok,6306.25,,5807288,0,false
nuxt,nuxt-starter,starter,dev-spinup,cold,false,7,ok,1735.9258750000008,483.3210840000029,,,false
remix,remix-starter,starter,dev-spinup,cold,false,17,ok,2030.0641250000044,773.439584000007,,,false
manic,manic-starter,starter,dev-spinup,warm,false,8,ok,1356.7849999999962,108.96820799999841,,,false
remix,remix-starter,starter,build,cold,false,18,ok,663.6403750000027,,366764,0,false
manic,manic-starter,starter,build,warm,false,9,ok,299.2028750000027,,380733,0,false
tanstack,tanstack-starter,starter,dev-spinup,cold,false,16,ok,1785.189624999999,524.7339999999967,,,false
next,next-starter,starter,dev-spinup,cold,false,7,ok,1581.244375000002,352.88587499999994,,,false
astro,astro-starter,starter,dev-spinup,cold,false,11,ok,2489.446582999997,1257.140124999998,,,false
tanstack,tanstack-starter,starter,build,cold,false,17,ok,1227.802625000004,,1291729,0,false
manic,manic-starter,starter,dev-spinup,warm,false,9,ok,1366.5717920000025,148.6319169999988,,,false
remix,remix-starter,starter,dev-spinup,cold,false,18,ok,1836.1735000000044,587.2587920000005,,,false
manic,manic-starter,starter,build,warm,false,10,ok,351.25424999999814,,380733,0,false
astro,astro-starter,starter,build,cold,false,12,ok,1492.095709000001,,16788,0,false
manic,manic-starter,starter,dev-spinup,warm,false,10,ok,1413.4647919999989,177.26199999999517,,,false
remix,remix-starter,starter,build,cold,false,19,ok,1494.341459000003,,366764,0,false
tanstack,tanstack-starter,starter,dev-spinup,cold,false,17,ok,1979.4537920000002,729.1617079999996,,,false
nuxt,nuxt-starter,starter,build,cold,false,8,ok,4814.986583999998,,2641573,0,false
manic,manic-starter,starter,build,warm,false,11,ok,443.92366700000275,,380733,0,false
tanstack,tanstack-starter,starter,build,cold,false,18,ok,1332.2374589999963,,1291729,0,false
next,next-starter,starter,build,cold,false,8,ok,4811.524999999994,,5807288,0,false
manic,manic-starter,starter,dev-spinup,warm,false,11,ok,1357.570083999999,153.9567920000045,,,false
nuxt,nuxt-starter,starter,dev-spinup,cold,false,8,ok,1741.9928749999963,460.48879199999647,,0,false
remix,remix-starter,starter,dev-spinup,cold,false,19,ok,1988.5892499999973,778.0285000000003,,,false
manic,manic-starter,starter,build,warm,false,12,ok,355.96233299999585,,380733,0,false
astro,astro-starter,starter,dev-spinup,cold,false,12,ok,3370.8844580000004,2131.5801250000004,,143,false
remix,remix-starter,starter,build,cold,false,20,ok,741.7640830000018,,366764,0,false
tanstack,tanstack-starter,starter,dev-spinup,cold,false,18,ok,1848.2314999999944,574.7039169999989,,,false
next,next-starter,starter,dev-spinup,cold,false,8,ok,1586.7176669999972,350.3088329999955,,,false
manic,manic-starter,starter,dev-spinup,warm,false,12,ok,1361.526874999996,139.95324999999866,,,false
astro,astro-starter,starter,build,cold,false,13,ok,1201.1793749999997,,16788,0,false
manic,manic-starter,starter,build,warm,false,13,ok,381.84999999999854,,380733,0,false
remix,remix-starter,starter,dev-spinup,cold,false,20,ok,1721.610041,510.3790000000008,,,false
tanstack,tanstack-starter,starter,build,cold,false,19,ok,1300.4232919999995,,1291729,0,false
manic,manic-starter,starter,dev-spinup,warm,false,13,ok,1411.5518749999974,175.78458300000057,,,false
manic,manic-starter,starter,build,warm,false,14,ok,505.08254199999647,,380733,0,false
nuxt,nuxt-starter,starter,build,cold,false,9,ok,3856.897499999999,,2641573,0,false
tanstack,tanstack-starter,starter,dev-spinup,cold,false,19,ok,1906.369249999996,643.0920409999962,,,false
astro,astro-starter,starter,dev-spinup,cold,false,13,ok,2956.266082999995,1698.4589999999953,,143,false
manic,manic-starter,starter,dev-spinup,warm,false,14,ok,1358.8320839999942,134.90804199999548,,,false
nuxt,nuxt-starter,starter,dev-spinup,cold,false,9,ok,1635.3390420000069,377.91275000000314,,0,false
manic,manic-starter,starter,build,warm,false,15,ok,418.8775830000086,,380733,0,false
tanstack,tanstack-starter,starter,build,cold,false,20,ok,1831.7199160000018,,1291729,0,false
astro,astro-starter,starter,build,cold,false,14,ok,1724.570749999999,,16788,0,false
remix,remix-starter,starter,build,warm,false,1,ok,1200.6153329999943,,366764,0,false
manic,manic-starter,starter,dev-spinup,warm,false,15,ok,1467.6150000000052,234.99158299999544,,,false
next,next-starter,starter,build,cold,false,9,ok,5682.672124999997,,5807284,0,false
manic,manic-starter,starter,build,warm,false,16,ok,439.5437920000113,,380733,0,false
tanstack,tanstack-starter,starter,dev-spinup,cold,false,20,ok,1882.0756249999977,626.0764999999956,,,false
remix,remix-starter,starter,dev-spinup,warm,false,1,ok,1935.7297499999986,679.0596669999941,,,false
next,next-starter,starter,dev-spinup,cold,false,9,ok,1642.306917000009,370.1431250000023,,,false
manic,manic-starter,starter,dev-spinup,warm,false,16,ok,1420.4463329999999,163.54454099999566,,,false
astro,astro-starter,starter,dev-spinup,cold,false,14,ok,2850.5108330000076,1596.5685000000085,,143,false
manic,manic-starter,starter,build,warm,false,17,ok,411.9616660000029,,380733,0,false
nuxt,nuxt-starter,starter,build,cold,false,10,ok,4011.5679579999996,,2641573,0,false
remix,remix-starter,starter,build,warm,false,2,ok,1183.43250000001,,366764,0,false
astro,astro-starter,starter,build,cold,false,15,ok,1454.013042000006,,16788,0,false
manic,manic-starter,starter,dev-spinup,warm,false,17,ok,1414.7559170000022,185.8196670000034,,,false
manic,manic-starter,starter,build,warm,false,18,ok,365.0011249999952,,380733,0,false
nuxt,nuxt-starter,starter,dev-spinup,cold,false,10,ok,1794.442167000001,408.58829200000037,,0,false
remix,remix-starter,starter,dev-spinup,warm,false,2,ok,1879.2534999999916,630.945624999993,,,false
manic,manic-starter,starter,dev-spinup,warm,false,18,ok,1418.434832999992,208.83045799999672,,,false
tanstack,tanstack-starter,starter,build,warm,false,1,ok,1316.681958000001,,1291729,0,false
remix,remix-starter,starter,build,warm,false,3,ok,1177.6378330000007,,366764,0,false
manic,manic-starter,starter,build,warm,false,19,ok,615.740082999997,,380733,0,false
astro,astro-starter,starter,dev-spinup,cold,false,15,ok,3445.3292920000094,2186.951708000008,,143,false
next,next-starter,starter,build,cold,false,10,ok,5477.067708000002,,5807292,0,false
manic,manic-starter,starter,dev-spinup,warm,false,19,ok,1408.5717910000094,199.89229099999648,,,false
tanstack,tanstack-starter,starter,dev-spinup,warm,false,1,ok,2176.4899999999907,886.0767919999926,,,false
manic,manic-starter,starter,build,warm,false,20,ok,375.35558299999684,,380733,0,false
remix,remix-starter,starter,dev-spinup,warm,false,3,ok,2205.204666999998,961.4915420000034,,,false
astro,astro-starter,starter,build,cold,false,16,ok,1384.6172910000023,,16788,0,false
nuxt,nuxt-starter,starter,build,cold,false,11,ok,4268.272041999997,,2641573,0,false
next,next-starter,starter,dev-spinup,cold,false,10,ok,1581.572874999998,315.6700839999976,,,false
remix,remix-starter,starter,build,warm,false,4,ok,991.5412500000093,,366764,0,false
tanstack,tanstack-starter,starter,build,warm,false,2,ok,1259.7294580000016,,1291729,0,false
manic,manic-starter,starter,dev-spinup,warm,false,20,ok,1414.5500840000022,185.6756250000035,,,false
nuxt,nuxt-starter,starter,dev-spinup,cold,false,11,ok,1624.1897920000047,362.3845000000001,,,false
remix,remix-starter,starter,dev-spinup,warm,false,4,ok,2296.224708000009,1069.626833000002,,,false
tanstack,tanstack-starter,starter,dev-spinup,warm,false,2,ok,2625.055957999997,1306.4963330000028,,,false
astro,astro-starter,starter,dev-spinup,cold,false,16,ok,3682.3415839999943,2402.7956669999985,,143,false
remix,remix-starter,starter,build,warm,false,5,ok,1567.336249999993,,366764,0,false
tanstack,tanstack-starter,starter,build,warm,false,3,ok,2030.8044999999984,,1291729,0,false
astro,astro-starter,starter,build,cold,false,17,ok,2883.442292000007,,16788,0,false
next,next-starter,starter,build,cold,false,11,ok,6409.417749999993,,5807286,0,false
vite,vite-starter,starter,build,cold,false,1,ok,2241.2916669999977,,238367,0,false
remix,remix-starter,starter,dev-spinup,warm,false,5,ok,2891.0712919999933,1624.6751249999943,,,false
tanstack,tanstack-starter,starter,dev-spinup,warm,false,3,ok,2490.273291999998,1229.5915419999947,,,false
remix,remix-starter,starter,build,warm,false,6,ok,937.453416999997,,366764,0,false
vite,vite-starter,starter,dev-spinup,cold,false,1,ok,1473.3235830000049,221.5410830000037,,,false
next,next-starter,starter,dev-spinup,cold,false,11,ok,1686.141374999992,446.93887499999255,,,false
nuxt,nuxt-starter,starter,build,cold,false,12,ok,6677.200791999989,,2641573,0,false
tanstack,tanstack-starter,starter,build,warm,false,4,ok,1576.4766250000102,,1291729,0,false
astro,astro-starter,starter,dev-spinup,cold,false,17,ok,3122.605666999996,1900.1423749999958,,143,false
vite,vite-starter,starter,build,cold,false,2,ok,1518.284249999997,,238367,0,false
remix,remix-starter,starter,dev-spinup,warm,false,6,ok,2154.044458999997,923.6631249999919,,,false
nuxt,nuxt-starter,starter,dev-spinup,cold,false,12,ok,1948.8634579999925,698.3109169999952,,,false
vite,vite-starter,starter,dev-spinup,cold,false,2,ok,1496.5134160000016,249.89916599998833,,,false
astro,astro-starter,starter,build,cold,false,18,ok,1657.1451249999955,,16788,0,false
tanstack,tanstack-starter,starter,dev-spinup,warm,false,4,ok,2091.511916999996,829.3017919999984,,,false
remix,remix-starter,starter,build,warm,false,7,ok,1563.8480830000044,,366764,0,false
vite,vite-starter,starter,build,cold,false,3,ok,1967.1769159999967,,238367,0,false
tanstack,tanstack-starter,starter,build,warm,false,5,ok,2243.1452500000014,,1291729,0,false
remix,remix-starter,starter,dev-spinup,warm,false,7,ok,2411.50841699999,1152.9543330000015,,,false
vite,vite-starter,starter,dev-spinup,cold,false,3,ok,1584.185958999995,325.5308340000047,,,false
next,next-starter,starter,build,cold,false,12,ok,6732.561958000006,,5807287,0,false
astro,astro-starter,starter,dev-spinup,cold,false,18,ok,4155.461582999997,2895.486665999997,,143,false
remix,remix-starter,starter,build,warm,false,8,ok,1392.654874999993,,366764,0,false
tanstack,tanstack-starter,starter,dev-spinup,warm,false,5,ok,2097.9537920000002,843.8946670000005,,,false
nuxt,nuxt-starter,starter,build,cold,false,13,ok,5950.058332999994,,2641573,0,false
vite,vite-starter,starter,build,cold,false,4,ok,1472.0445420000033,,238367,0,false
next,next-starter,starter,dev-spinup,cold,false,12,ok,1698.0977910000074,459.0844159999979,,,false
tanstack,tanstack-starter,starter,build,warm,false,6,ok,1484.1354580000043,,1291729,0,false
astro,astro-starter,starter,build,cold,false,19,ok,1766.2012909999903,,16788,0,false
remix,remix-starter,starter,dev-spinup,warm,false,8,ok,2103.8877090000024,838.4629170000117,,,false
vite,vite-starter,starter,dev-spinup,cold,false,4,ok,1476.7946250000095,247.13204199999745,,,false
nuxt,nuxt-starter,starter,dev-spinup,cold,false,13,ok,1680.3435409999947,417.39337499999965,,0,false
remix,remix-starter,starter,build,warm,false,9,ok,1572.3300829999935,,366764,0,false
tanstack,tanstack-starter,starter,dev-spinup,warm,false,6,ok,2265.1282090000022,981.6742919999961,,,false
vite,vite-starter,starter,build,cold,false,5,ok,1758.9351250000036,,238367,0,false
vite,vite-starter,starter,dev-spinup,cold,false,5,ok,1612.835917000004,325.8642919999984,,,false
tanstack,tanstack-starter,starter,build,warm,false,7,ok,1811.020417000007,,1291729,0,false
astro,astro-starter,starter,dev-spinup,cold,false,19,ok,4137.542459000004,2882.3657920000114,,,false
remix,remix-starter,starter,dev-spinup,warm,false,9,ok,2277.613083999997,1026.5139590000035,,,false
next,next-starter,starter,build,cold,false,13,ok,6390.068499999994,,5807288,0,false
vite,vite-starter,starter,build,cold,false,6,ok,2041.5527090000105,,238367,0,false
remix,remix-starter,starter,build,warm,false,10,ok,1791.3328330000077,,366764,0,false
astro,astro-starter,starter,build,cold,false,20,ok,2431.955249999999,,16788,0,false
tanstack,tanstack-starter,starter,dev-spinup,warm,false,7,ok,2603.7131249999948,1355.1388750000042,,,false
vite,vite-starter,starter,dev-spinup,cold,false,6,ok,1518.068791999991,292.1799170000013,,,false
nuxt,nuxt-starter,starter,build,cold,false,14,ok,6913.708375000002,,2641573,0,false
next,next-starter,starter,dev-spinup,cold,false,13,ok,1747.6666669999977,516.0632919999916,,,false
tanstack,tanstack-starter,starter,build,warm,false,8,ok,1584.4743339999986,,1291729,0,false
remix,remix-starter,starter,dev-spinup,warm,false,10,ok,2097.6394169999985,865.8000420000026,,,false
nuxt,nuxt-starter,starter,dev-spinup,cold,false,14,ok,1828.780541,545.2409999999945,,,false
vite,vite-starter,starter,build,cold,false,7,ok,2115.0969579999946,,238367,0,false
remix,remix-starter,starter,build,warm,false,11,ok,1583.5400840000075,,366764,0,false
astro,astro-starter,starter,dev-spinup,cold,false,20,ok,3654.6995000000024,2398.7007079999894,,143,false
tanstack,tanstack-starter,starter,dev-spinup,warm,false,8,ok,2458.716374999989,1170.80187499999,,,false
vite,vite-starter,starter,dev-spinup,cold,false,7,ok,1483.0281250000116,263.150375000012,,,false
remix,remix-starter,starter,dev-spinup,warm,false,11,ok,2436.072125000006,1163.8553329999995,,,false
tanstack,tanstack-starter,starter,build,warm,false,9,ok,2440.8029160000006,,1291729,0,false
vite,vite-starter,starter,build,cold,false,8,ok,2516.954582999999,,238367,0,false
remix,remix-starter,starter,build,warm,false,12,ok,2447.706707999998,,366764,0,false
next,next-starter,starter,build,cold,false,14,ok,7290.602707999991,,5807293,0,false
vite,vite-starter,starter,dev-spinup,cold,false,8,ok,1698.9594999999972,426.8738750000048,,,false
tanstack,tanstack-starter,starter,dev-spinup,warm,false,9,ok,2913.1485000000102,1625.5666670000064,,,false
next,next-starter,starter,dev-spinup,cold,false,14,ok,1968.1132499999949,720.2670419999922,,,false
vite,vite-starter,starter,build,cold,false,9,ok,2068.2003330000007,,238367,0,false
remix,remix-starter,starter,dev-spinup,warm,false,12,ok,2695.329832999996,1451.7922499999986,,,false
nuxt,nuxt-starter,starter,build,cold,false,15,ok,8181.037125000003,,2641573,0,false
tanstack,tanstack-starter,starter,build,warm,false,10,ok,1928.6786250000005,,1291729,0,false
remix,remix-starter,starter,build,warm,false,13,ok,1402.3020829999878,,366764,0,false
vite,vite-starter,starter,dev-spinup,cold,false,9,ok,1515.2520409999997,292.8080409999966,,,false
nuxt,nuxt-starter,starter,dev-spinup,cold,false,15,ok,1912.526417000001,615.6545000000042,,,false
tanstack,tanstack-starter,starter,dev-spinup,warm,false,10,ok,2359.3355829999928,1105.5522079999937,,,false
astro,astro-starter,starter,build,warm,false,1,ok,2425.0968330000032,,16846,0,false
vite,vite-starter,starter,build,cold,false,10,ok,1880.105791000009,,238367,0,false
remix,remix-starter,starter,dev-spinup,warm,false,13,ok,2407.301250000004,1161.369458999994,,,false
vite,vite-starter,starter,dev-spinup,cold,false,10,ok,1524.9441669999942,298.8855420000036,,,false
tanstack,tanstack-starter,starter,build,warm,false,11,ok,2449.4986250000075,,1291729,0,false
remix,remix-starter,starter,build,warm,false,14,ok,2047.3340830000088,,366764,0,false
vite,vite-starter,starter,build,cold,false,11,ok,2702.735790999999,,238367,0,false
tanstack,tanstack-starter,starter,dev-spinup,warm,false,11,ok,3014.294915999999,1728.7076249999955,,,false
astro,astro-starter,starter,dev-spinup,warm,false,1,ok,5432.038125000006,4197.472250000006,,143,false
next,next-starter,starter,build,cold,false,15,ok,9274.078333000012,,5807292,0,false
remix,remix-starter,starter,dev-spinup,warm,false,14,ok,3046.031207999986,1783.615832999989,,,false
vite,vite-starter,starter,dev-spinup,cold,false,11,ok,1641.1067500000063,394.49254200000723,,,false
tanstack,tanstack-starter,starter,build,warm,false,12,ok,2329.1734580000048,,1291729,0,false
next,next-starter,starter,dev-spinup,cold,false,15,ok,1983.5947500000038,731.6861670000071,,,false
remix,remix-starter,starter,build,warm,false,15,ok,2315.5599169999914,,366764,0,false
nuxt,nuxt-starter,starter,build,cold,false,16,ok,9130.819332999992,,2641573,0,false
vite,vite-starter,starter,build,cold,false,12,ok,2534.269082999992,,238367,0,false
astro,astro-starter,starter,build,warm,false,2,ok,3147.2574170000007,,16846,0,false
vite,vite-starter,starter,dev-spinup,cold,false,12,ok,1637.545333999995,405.29529199999524,,,false
nuxt,nuxt-starter,starter,dev-spinup,cold,false,16,ok,2207.514167000001,860.3385419999977,,,false
tanstack,tanstack-starter,starter,dev-spinup,warm,false,12,ok,2973.1384160000016,1720.9124580000062,,,false
remix,remix-starter,starter,dev-spinup,warm,false,15,ok,2717.080833,1458.234958000001,,,false
vite,vite-starter,starter,build,cold,false,13,ok,2724.2270419999986,,238367,0,false
remix,remix-starter,starter,build,warm,false,16,ok,2356.9298750000016,,366764,0,false
tanstack,tanstack-starter,starter,build,warm,false,13,ok,3011.0921249999956,,1291729,0,false
astro,astro-starter,starter,dev-spinup,warm,false,2,ok,4956.916958000002,3682.605874999994,,143,false
vite,vite-starter,starter,dev-spinup,cold,false,13,ok,1723.0967910000036,451.7375000000029,,,false
remix,remix-starter,starter,dev-spinup,warm,false,16,ok,2759.8850000000093,1491.119709000006,,,false
tanstack,tanstack-starter,starter,dev-spinup,warm,false,13,ok,3002.5562500000087,1650.9261250000127,,,false
next,next-starter,starter,build,cold,false,16,ok,9230.078959000006,,5807295,0,false
astro,astro-starter,starter,build,warm,false,3,ok,3841.9134160000103,,16846,0,false
vite,vite-starter,starter,build,cold,false,14,ok,3183.1746669999993,,238367,0,false
remix,remix-starter,starter,build,warm,false,17,ok,2245.741250000021,,366764,0,false
next,next-starter,starter,dev-spinup,cold,false,16,ok,2026.5251249999856,786.8050829999847,,,false
tanstack,tanstack-starter,starter,build,warm,false,14,ok,2726.5311250000086,,1291729,0,false
vite,vite-starter,starter,dev-spinup,cold,false,14,ok,1646.517125000013,377.9575000000186,,,false
remix,remix-starter,starter,dev-spinup,warm,false,17,ok,2572.397834000003,1309.70220900001,,,false
nuxt,nuxt-starter,starter,build,cold,false,17,ok,10455.350584000014,,2641573,0,false
vite,vite-starter,starter,build,cold,false,15,ok,2621.9254169999913,,238367,0,false
tanstack,tanstack-starter,starter,dev-spinup,warm,false,14,ok,3240.1919170000183,1957.7412920000206,,,false
remix,remix-starter,starter,build,warm,false,18,ok,1819.4991659999941,,366764,0,false
astro,astro-starter,starter,dev-spinup,warm,false,3,ok,5249.538291000004,3986.620541000011,,143,false
nuxt,nuxt-starter,starter,dev-spinup,cold,false,17,ok,2218.548374999984,892.6247089999961,,,false
vite,vite-starter,starter,dev-spinup,cold,false,15,ok,1572.4164169999713,341.9792919999745,,,false
remix,remix-starter,starter,dev-spinup,warm,false,18,ok,3115.4750829999975,1785.9860829999961,,,false
tanstack,tanstack-starter,starter,build,warm,false,15,ok,3632.000207999983,,1291729,0,false
vite,vite-starter,starter,build,cold,false,16,ok,3369.0139999999956,,238367,0,false
astro,astro-starter,starter,build,warm,false,4,ok,4436.525082999986,,16846,0,false
remix,remix-starter,starter,build,warm,false,19,ok,2612.3931250000023,,366764,0,false
vite,vite-starter,starter,dev-spinup,cold,false,16,ok,1683.8678749999963,464.4262499999895,,,false
next,next-starter,starter,build,cold,false,17,ok,9954.052250000008,,5807288,0,false
tanstack,tanstack-starter,starter,dev-spinup,warm,false,15,ok,3093.8900840000133,1805.811000000016,,,false
next,next-starter,starter,dev-spinup,cold,false,17,ok,2060.821291,826.8370409999916,,,false
remix,remix-starter,starter,dev-spinup,warm,false,19,ok,2789.663666999986,1523.42637500001,,,false
vite,vite-starter,starter,build,cold,false,17,ok,2406.844000000012,,238367,0,false
tanstack,tanstack-starter,starter,build,warm,false,16,ok,2533.8913329999777,,1291729,0,false
astro,astro-starter,starter,dev-spinup,warm,false,4,ok,5030.782208999997,3777.4063749999914,,143,false
vite,vite-starter,starter,dev-spinup,cold,false,17,ok,1635.874416000006,392.0964999999851,,,false
remix,remix-starter,starter,build,warm,false,20,ok,2118.5913329999894,,366764,0,false
nuxt,nuxt-starter,starter,build,cold,false,18,ok,10925.789542000013,,2641573,0,false
tanstack,tanstack-starter,starter,dev-spinup,warm,false,16,ok,2903.7663329999777,1551.6874169999792,,,false
vite,vite-starter,starter,build,cold,false,18,ok,2981.871708999999,,238367,0,false
remix,remix-starter,starter,dev-spinup,warm,false,20,ok,2841.870250000007,1574.5268749999814,,,false
astro,astro-starter,starter,build,warm,false,5,ok,4209.62958399998,,16846,0,false
nuxt,nuxt-starter,starter,dev-spinup,cold,false,18,ok,2426.7948340000003,1111.2115840000042,,,false
vite,vite-starter,starter,dev-spinup,cold,false,18,ok,1694.228415999998,425.3843329999945,,,false
tanstack,tanstack-starter,starter,build,warm,false,17,ok,3118.6456250000047,,1291729,0,false
vite,vite-starter,starter,build,cold,false,19,ok,2466.2540000000154,,238367,0,false
next,next-starter,starter,build,cold,false,18,ok,9056.106792000006,,5807291,0,false
tanstack,tanstack-starter,starter,dev-spinup,warm,false,17,ok,2836.578542000003,1599.603999999992,,,false
astro,astro-starter,starter,dev-spinup,warm,false,5,ok,4738.147874999995,3480.483333000011,,143,false
vite,vite-starter,starter,dev-spinup,cold,false,19,ok,1522.1000000000058,293.08687500000815,,,false
next,next-starter,starter,dev-spinup,cold,false,18,ok,1849.6261670000094,589.7105839999858,,,false
tanstack,tanstack-starter,starter,build,warm,false,18,ok,1985.2104169999948,,1291729,0,false
vite,vite-starter,starter,build,cold,false,20,ok,2459.905208000011,,238367,0,false
astro,astro-starter,starter,build,warm,false,6,ok,2955.0095419999852,,16846,0,false
nuxt,nuxt-starter,starter,build,cold,false,19,ok,8436.42308400001,,2641573,0,false
tanstack,tanstack-starter,starter,dev-spinup,warm,false,18,ok,2889.302416999999,1621.3106669999834,,,false
vite,vite-starter,starter,dev-spinup,cold,false,20,ok,1584.4838329999766,336.96483299997635,,,false
nuxt,nuxt-starter,starter,dev-spinup,cold,false,19,ok,2666.6534160000156,1175.362832999992,,,false
tanstack,tanstack-starter,starter,build,warm,false,19,ok,2877.1957499999844,,1291729,0,false
astro,astro-starter,starter,dev-spinup,warm,false,6,ok,5119.32150000002,3846.053083000006,,143,false
next,next-starter,starter,build,cold,false,19,ok,7704.8092079999915,,5807289,0,false
tanstack,tanstack-starter,starter,dev-spinup,warm,false,19,ok,2321.227165999997,1026.1304999999993,,,false
astro,astro-starter,starter,build,warm,false,7,ok,2321.0114999999932,,16846,0,false
next,next-starter,starter,dev-spinup,cold,false,19,ok,1898.5242920000164,624.8477500000154,,,false
vite,vite-starter,starter,build,warm,false,1,ok,2009.9081669999869,,238367,0,false
tanstack,tanstack-starter,starter,build,warm,false,20,ok,2012.7583749999758,,1291729,0,false
vite,vite-starter,starter,dev-spinup,warm,false,1,ok,1596.3286249999946,344.6834169999929,,,false
tanstack,tanstack-starter,starter,dev-spinup,warm,false,20,ok,2543.8306250000023,1256.0516669999924,,,false
nuxt,nuxt-starter,starter,build,cold,false,20,ok,7799.202250000002,,2641573,0,false
vite,vite-starter,starter,build,warm,false,2,ok,2150.2126249999856,,238367,0,false
astro,astro-starter,starter,dev-spinup,warm,false,7,ok,4131.13837500001,2860.7978749999893,,,false
vite,vite-starter,starter,dev-spinup,warm,false,2,ok,1696.762625000003,441.78704200001084,,,false
nuxt,nuxt-starter,starter,dev-spinup,cold,false,20,ok,2049.099542000011,779.4095420000085,,,false
astro,astro-starter,starter,build,warm,false,8,ok,2716.1846659999865,,16846,0,false
vite,vite-starter,starter,build,warm,false,3,ok,2146.56683299999,,238367,0,false
next,next-starter,starter,build,cold,false,20,ok,7774.576874999999,,5807291,0,false
vite,vite-starter,starter,dev-spinup,warm,false,3,ok,1461.0769169999985,236.76412499998696,,,false
next,next-starter,starter,dev-spinup,cold,false,20,ok,1736.7027500000258,490.63012500002515,,,false
astro,astro-starter,starter,dev-spinup,warm,false,8,ok,3123.483124999999,1900.8436250000086,,143,false
vite,vite-starter,starter,build,warm,false,4,ok,1508.158041000017,,238367,0,false
vite,vite-starter,starter,dev-spinup,warm,false,4,ok,1523.6445419999945,296.36295800001244,,,false
astro,astro-starter,starter,build,warm,false,9,ok,2481.432666000008,,16846,0,false
vite,vite-starter,starter,build,warm,false,5,ok,1811.271666000015,,238367,0,false
vite,vite-starter,starter,dev-spinup,warm,false,5,ok,1523.0900410000177,282.99654100000043,,,false
astro,astro-starter,starter,dev-spinup,warm,false,9,ok,3658.208958000003,2405.5393329999933,,,false
vite,vite-starter,starter,build,warm,false,6,ok,1512.878583999991,,238367,0,false
astro,astro-starter,starter,build,warm,false,10,ok,2026.0679579999996,,16846,0,false
vite,vite-starter,starter,dev-spinup,warm,false,6,ok,1528.2147089999926,307.7892089999805,,,false
nuxt,nuxt-starter,starter,build,warm,false,1,ok,5189.928333000018,,2627242,0,false
vite,vite-starter,starter,build,warm,false,7,ok,1971.8267080000078,,238367,0,false
nuxt,nuxt-starter,starter,dev-spinup,warm,false,1,ok,2047.2940839999937,751.1627919999883,,0,false
astro,astro-starter,starter,dev-spinup,warm,false,10,ok,3748.1897089999984,2508.5131669999973,,,false
vite,vite-starter,starter,dev-spinup,warm,false,7,ok,1471.260209,245.0662500000035,,,false
next,next-starter,starter,build,warm,false,1,ok,5744.92616599999,,5819343,0,false
vite,vite-starter,starter,build,warm,false,8,ok,1530.9085000000196,,238367,0,false
astro,astro-starter,starter,build,warm,false,11,ok,1958.0568750000093,,16846,0,false
next,next-starter,starter,dev-spinup,warm,false,1,ok,1794.329167000018,560.6227920000092,,,false
vite,vite-starter,starter,dev-spinup,warm,false,8,ok,1465.8284580000036,235.90141600000788,,,false
nuxt,nuxt-starter,starter,build,warm,false,2,ok,5180.043791999982,,2627264,0,false
astro,astro-starter,starter,dev-spinup,warm,false,11,ok,2850.064665999991,1628.4231250000012,,143,false
vite,vite-starter,starter,build,warm,false,9,ok,1717.1774589999986,,238367,0,false
nuxt,nuxt-starter,starter,dev-spinup,warm,false,2,ok,1786.4355840000208,557.1350000000093,,0,false
vite,vite-starter,starter,dev-spinup,warm,false,9,ok,1577.7284579999978,347.99729199998546,,,false
astro,astro-starter,starter,build,warm,false,12,ok,2209.8339169999817,,16846,0,false
vite,vite-starter,starter,build,warm,false,10,ok,1745.874833000009,,238367,0,false
next,next-starter,starter,build,warm,false,2,ok,5931.145917000016,,5819344,0,false
vite,vite-starter,starter,dev-spinup,warm,false,10,ok,1468.0950000000012,237.34691700001713,,,false
astro,astro-starter,starter,dev-spinup,warm,false,12,ok,3165.9970420000027,1943.7241670000076,,143,false
next,next-starter,starter,dev-spinup,warm,false,2,ok,1650.8217080000031,381.4258330000157,,,false
vite,vite-starter,starter,build,warm,false,11,ok,1286.6806670000078,,238367,0,false
nuxt,nuxt-starter,starter,build,warm,false,3,ok,4962.239750000008,,2627249,0,false
astro,astro-starter,starter,build,warm,false,13,ok,1906.4130000000005,,16846,0,false
vite,vite-starter,starter,dev-spinup,warm,false,11,ok,1542.1835830000055,277.20254200001364,,,false
nuxt,nuxt-starter,starter,dev-spinup,warm,false,3,ok,1938.653833999997,581.869875000004,,0,false
vite,vite-starter,starter,build,warm,false,12,ok,1810.825124999974,,238367,0,false
astro,astro-starter,starter,dev-spinup,warm,false,13,ok,3587.2698329999985,2344.3787909999955,,143,false
vite,vite-starter,starter,dev-spinup,warm,false,12,ok,1465.58804100001,247.204000000027,,,false
next,next-starter,starter,build,warm,false,3,ok,5514.473874999996,,5819344,0,false
astro,astro-starter,starter,build,warm,false,14,ok,1861.3216660000035,,16846,0,false
vite,vite-starter,starter,build,warm,false,13,ok,1639.8423330000078,,238367,0,false
next,next-starter,starter,dev-spinup,warm,false,3,ok,1792.8469589999877,545.8413749999891,,,false
nuxt,nuxt-starter,starter,build,warm,false,4,ok,5311.009375000023,,2627249,0,false
vite,vite-starter,starter,dev-spinup,warm,false,13,ok,1465.2098750000005,228.91320800001267,,,false
nuxt,nuxt-starter,starter,dev-spinup,warm,false,4,ok,1790.9787080000096,523.3903750000172,,0,false
vite,vite-starter,starter,build,warm,false,14,ok,1595.665833999985,,238367,0,false
astro,astro-starter,starter,dev-spinup,warm,false,14,ok,3159.024334000016,1890.1086670000223,,143,false
vite,vite-starter,starter,dev-spinup,warm,false,14,ok,1471.3850000000093,231.3669579999987,,,false
astro,astro-starter,starter,build,warm,false,15,ok,1903.4153750000114,,16846,0,false
next,next-starter,starter,build,warm,false,4,ok,5276.901458000008,,5819342,0,false
vite,vite-starter,starter,build,warm,false,15,ok,1489.6383330000099,,238367,0,false
next,next-starter,starter,dev-spinup,warm,false,4,ok,1731.7209159999911,476.5722909999895,,,false
vite,vite-starter,starter,dev-spinup,warm,false,15,ok,1463.26112499999,243.07774999999674,,,false
nuxt,nuxt-starter,starter,build,warm,false,5,ok,4666.694415999984,,2627249,0,false
astro,astro-starter,starter,dev-spinup,warm,false,15,ok,2909.3207079999847,1666.2883749999746,,143,false
vite,vite-starter,starter,build,warm,false,16,ok,1473.694583000004,,238367,0,false
nuxt,nuxt-starter,starter,dev-spinup,warm,false,5,ok,1742.7771249999932,474.43304199998965,,0,false
astro,astro-starter,starter,build,warm,false,16,ok,1759.0400000000081,,16846,0,false
vite,vite-starter,starter,dev-spinup,warm,false,16,ok,1473.4247909999976,227.96912500000326,,,false
vite,vite-starter,starter,build,warm,false,17,ok,1887.3138749999925,,238367,0,false
astro,astro-starter,starter,dev-spinup,warm,false,16,ok,3336.4202920000243,2069.102333000017,,143,false
vite,vite-starter,starter,dev-spinup,warm,false,17,ok,1528.9013330000162,270.64704100001836,,,false
next,next-starter,starter,build,warm,false,5,ok,6833.025750000001,,5819344,0,false
nuxt,nuxt-starter,starter,build,warm,false,6,ok,5053.872792000009,,2627249,0,false
astro,astro-starter,starter,build,warm,false,17,ok,1781.028290999995,,16846,0,false
vite,vite-starter,starter,build,warm,false,18,ok,1406.608165999991,,238367,0,false
next,next-starter,starter,dev-spinup,warm,false,5,ok,1741.4380829999864,517.0747909999918,,,false
nuxt,nuxt-starter,starter,dev-spinup,warm,false,6,ok,1830.1682089999958,547.5923339999863,,0,false
vite,vite-starter,starter,dev-spinup,warm,false,18,ok,1418.8648749999993,184.88945800001966,,,false
astro,astro-starter,starter,dev-spinup,warm,false,17,ok,2702.56016600001,1448.0170410000137,,143,false
vite,vite-starter,starter,build,warm,false,19,ok,1234.2519160000084,,238367,0,false
vite,vite-starter,starter,dev-spinup,warm,false,19,ok,1542.5304160000233,270.43445800000336,,,false
astro,astro-starter,starter,build,warm,false,18,ok,2308.551832999976,,16846,0,false
vite,vite-starter,starter,build,warm,false,20,ok,1864.1960839999956,,238367,0,false
nuxt,nuxt-starter,starter,build,warm,false,7,ok,5834.4738330000255,,2627249,0,false
next,next-starter,starter,build,warm,false,6,ok,6279.222332999983,,5819344,0,false
vite,vite-starter,starter,dev-spinup,warm,false,20,ok,1463.8229589999828,250.6036669999885,,,false
astro,astro-starter,starter,dev-spinup,warm,false,18,ok,3325.304665999982,2107.4114579999878,,143,false
nuxt,nuxt-starter,starter,dev-spinup,warm,false,7,ok,1576.3258330000099,318.230292000022,,0,false
next,next-starter,starter,dev-spinup,warm,false,6,ok,1521.5119169999962,297.08324999999604,,,false
astro,astro-starter,starter,build,warm,false,19,ok,1431.290915999998,,16846,0,false
astro,astro-starter,starter,dev-spinup,warm,false,19,ok,3083.1768340000126,1801.8012500000186,,,false
nuxt,nuxt-starter,starter,build,warm,false,8,ok,4663.185708999983,,3168988,0,false
next,next-starter,starter,build,warm,false,7,ok,5162.022916999995,,5819344,0,false
astro,astro-starter,starter,build,warm,false,20,ok,1581.1882080000069,,16846,0,false
nuxt,nuxt-starter,starter,dev-spinup,warm,false,8,ok,1673.5658750000002,384.6024580000085,,0,false
next,next-starter,starter,dev-spinup,warm,false,7,ok,1687.4780420000025,419.0577499999781,,,false
astro,astro-starter,starter,dev-spinup,warm,false,20,ok,2497.4596660000097,1242.848708000005,,,false
nuxt,nuxt-starter,starter,build,warm,false,9,ok,4112.676666000014,,2627589,0,false
next,next-starter,starter,build,warm,false,8,ok,4237.174999999988,,5819342,0,false
nuxt,nuxt-starter,starter,dev-spinup,warm,false,9,ok,1594.637665999995,320.6287079999747,,0,false
next,next-starter,starter,dev-spinup,warm,false,8,ok,1518.4578340000007,278.07170900001074,,,false
nuxt,nuxt-starter,starter,build,warm,false,10,ok,3828.828333000012,,3168988,0,false
next,next-starter,starter,build,warm,false,9,ok,4425.088749999995,,5819341,0,false
nuxt,nuxt-starter,starter,dev-spinup,warm,false,10,ok,1737.0985420000216,492.1327920000185,,0,false
next,next-starter,starter,dev-spinup,warm,false,9,ok,1569.2700829999812,314.492499999993,,,false
nuxt,nuxt-starter,starter,build,warm,false,11,ok,2972.3886249999923,,3168988,0,false
nuxt,nuxt-starter,starter,dev-spinup,warm,false,11,ok,1900.568957999989,506.8031659999979,,0,false
next,next-starter,starter,build,warm,false,10,ok,4736.026540999999,,5819341,0,false
next,next-starter,starter,dev-spinup,warm,false,10,ok,1573.341000000015,307.5960420000192,,,false
nuxt,nuxt-starter,starter,build,warm,false,12,ok,3233.191124999983,,3168988,0,false
nuxt,nuxt-starter,starter,dev-spinup,warm,false,12,ok,1720.298374999984,373.9799999999814,,0,false
next,next-starter,starter,build,warm,false,11,ok,4531.632708999998,,5819343,0,false
nuxt,nuxt-starter,starter,build,warm,false,13,ok,3377.017749999999,,3168988,0,false
next,next-starter,starter,dev-spinup,warm,false,11,ok,1572.1522500000137,319.84533300000476,,,false
nuxt,nuxt-starter,starter,dev-spinup,warm,false,13,ok,1472.2437909999862,254.15604099998018,,0,false
next,next-starter,starter,build,warm,false,12,ok,4490.074541999988,,5819341,0,false
nuxt,nuxt-starter,starter,build,warm,false,14,ok,3811.932916999969,,3168987,0,false
next,next-starter,starter,dev-spinup,warm,false,12,ok,1573.1482090000063,348.9314590000431,,,false
nuxt,nuxt-starter,starter,dev-spinup,warm,false,14,ok,1533.1667920000036,296.7019169999985,,0,false
next,next-starter,starter,build,warm,false,13,ok,4124.106624999957,,5819341,0,false
nuxt,nuxt-starter,starter,build,warm,false,15,ok,3906.163750000007,,3168988,0,false
next,next-starter,starter,dev-spinup,warm,false,13,ok,1572.548208000022,305.7877500000177,,,false
nuxt,nuxt-starter,starter,dev-spinup,warm,false,15,ok,1572.1611660000053,309.75929100002395,,0,false
nuxt,nuxt-starter,starter,build,warm,false,16,ok,4118.578207999992,,3168988,0,false
next,next-starter,starter,build,warm,false,14,ok,4424.487125000043,,5819341,0,false
next,next-starter,starter,dev-spinup,warm,false,14,ok,1545.696249999979,300.707333999977,,,false
nuxt,nuxt-starter,starter,dev-spinup,warm,false,16,ok,1593.3877499999944,322.57750000001397,,0,false
nuxt,nuxt-starter,starter,build,warm,false,17,ok,3953.0318330000155,,3168988,0,false
next,next-starter,starter,build,warm,false,15,ok,4279.707875000022,,5819340,0,false
nuxt,nuxt-starter,starter,dev-spinup,warm,false,17,ok,1551.145583000034,265.0831670000334,,0,false
next,next-starter,starter,dev-spinup,warm,false,15,ok,1518.1033329999773,274.91666699998314,,,false
nuxt,nuxt-starter,starter,build,warm,false,18,ok,3984.254249999998,,3168988,0,false
next,next-starter,starter,build,warm,false,16,ok,4256.797957999981,,5819341,0,false
nuxt,nuxt-starter,starter,dev-spinup,warm,false,18,ok,1583.2310419999994,323.24112500000047,,0,false
next,next-starter,starter,dev-spinup,warm,false,16,ok,1569.0193750000326,309.01062499999534,,,false
nuxt,nuxt-starter,starter,build,warm,false,19,ok,2942.323417000007,,3168988,0,false
nuxt,nuxt-starter,starter,dev-spinup,warm,false,19,ok,1550.1078750000452,256.8713750000461,,0,false
nuxt,nuxt-starter,starter,build,warm,false,20,ok,2762.1796670000185,,3168988,0,false
nuxt,nuxt-starter,starter,dev-spinup,warm,false,20,ok,1699.231832999969,428.0181250000023,,0,false
next,next-starter,starter,build,warm,false,17,ok,9194.302833000023,,5819341,0,false
next,next-starter,starter,dev-spinup,warm,false,17,ok,1494.0163750000065,229.41883400001097,,,false
next,next-starter,starter,build,warm,false,18,error,67098.22829200001,,5542988,1,false
next,next-starter,starter,dev-spinup,warm,false,18,ok,1492.217209000024,232.34425000002375,,,false
next,next-starter,starter,build,warm,false,19,ok,3544.6693749999977,,5819334,0,false
next,next-starter,starter,dev-spinup,warm,false,19,ok,1495.6669160000165,235.5755830000271,,,false
next,next-starter,starter,build,warm,false,20,ok,3262.3489999999874,,5819333,0,false
next,next-starter,starter,dev-spinup,warm,false,20,ok,1495.1261250000098,227.88737499999115,,,false